advertising_id,advertising_name,advertising_version,company,product,painel_id
1,Public Media,V1.3,Golden Gate Group,Widget 4,1
2,Public Media,V1.2,Emerald Enterprises,Gizmo 3,2
3,Public Media,V1.0,Golden Gate Group,Gizmo B,3
4,Cars,V1.4,Pineapple Industries,Gizmo 3,4
5,Health,V1.1,Acme Corporation,Gizmo 3,5
6,Food,V1.5,Sunshine Enterprises,Gizmo 3,6
7,Bank Account,V1.2,Golden Gate Group,Gizmo B,7
8,Cars,V1.2,Blue Sky Inc.,Widget A,8
9,Event,V1.5,Silver Star Solutions,Contraption 1,9
10,Public Media,V1.5,Emerald Enterprises,Gizmo 3,10
11,Health,V1.1,Blue Sky Inc.,Widget 4,11
12,Event,V1.1,Rainbow Technologies,Contraption 1,12
13,Event,V1.0,Crimson Co.,Doohickey Z,13
14,Event,V1.0,Platinum Partners,Contraption 1,14
15,Health,V1.5,Pineapple Industries,Gadget 2,15
16,Health,V1.4,Pineapple Industries,Gizmo B,16
17,Food,V1.2,Platinum Partners,Gadget 2,17
18,Event,V1.4,Silver Star Solutions,Widget 4,18
19,Food,V1.5,Pineapple Industries,Doodad X,19
20,Food,V1.2,Silver Star Solutions,Gadget 2,20
21,Bank Account,V1.2,Emerald Enterprises,Whatchamacallit Y,21
22,Food,V1.4,Rainbow Technologies,Widget 4,22
23,Event,V1.0,Blue Sky Inc.,Widget 4,23
24,Bank Account,V1.3,Rainbow Technologies,Gadget 2,24
25,Bank Account,V1.0,Pineapple Industries,Whatchamacallit Y,25
26,Bank Account,V1.3,Emerald Enterprises,Widget A,26
27,Food,V1.2,Emerald Enterprises,Thingamajig C,27
28,Media,V1.4,Silver Star Solutions,Whatchamacallit Y,28
29,Media,V1.0,Golden Gate Group,Thingamajig C,29
30,Bank Account,V1.4,Platinum Partners,Contraption 1,30
31,Media,V1.5,Emerald Enterprises,Widget A,31
32,Public Media,V1.0,Emerald Enterprises,Whatchamacallit Y,32
33,Bank Account,V1.5,Sunshine Enterprises,Doohickey Z,33
34,Event,V1.2,Silver Star Solutions,Doodad X,34
35,Cars,V1.1,Golden Gate Group,Doodad X,35
36,Bank Account,V1.1,Sunshine Enterprises,Contraption 1,36
37,Public Media,V1.5,Sunshine Enterprises,Thingamajig C,37
38,Cars,V1.5,Sunshine Enterprises,Widget 4,38
39,Cars,V1.4,Sunshine Enterprises,Widget 4,39
40,Cars,V1.5,Pineapple Industries,Whatchamacallit Y,40
41,Media,V1.2,Platinum Partners,Widget 4,41
42,Health,V1.0,Rainbow Technologies,Doohickey Z,42
43,Health,V1.1,Crimson Co.,Gizmo 3,43
44,Media,V1.4,Golden Gate Group,Thingamajig C,44
45,Food,V1.5,Rainbow Technologies,Gizmo B,45
46,Media,V1.5,Sunshine Enterprises,Thingamajig C,46
47,Cars,V1.5,Golden Gate Group,Gizmo 3,47
48,Media,V1.1,Silver Star Solutions,Gizmo B,48
49,Event,V1.5,Sunshine Enterprises,Contraption 1,49
50,Event,V1.4,Silver Star Solutions,Widget 4,50
51,Event,V1.3,Platinum Partners,Contraption 1,51
52,Event,V1.5,Emerald Enterprises,Contraption 1,52
53,Cars,V1.3,Emerald Enterprises,Widget A,53
54,Event,V1.5,Silver Star Solutions,Widget A,54
55,Event,V1.4,Golden Gate Group,Contraption 1,55
56,Event,V1.4,Crimson Co.,Thingamajig C,56
57,Media,V1.1,Sunshine Enterprises,Gizmo B,57
58,Media,V1.0,Silver Star Solutions,Gizmo B,58
59,Bank Account,V1.0,Sunshine Enterprises,Whatchamacallit Y,59
60,Health,V1.1,Emerald Enterprises,Gizmo B,60
61,Bank Account,V1.4,Sunshine Enterprises,Contraption 1,61
62,Event,V1.0,Crimson Co.,Doodad X,62
63,Public Media,V1.3,Sunshine Enterprises,Whatchamacallit Y,63
64,Public Media,V1.1,Acme Corporation,Doodad X,64
65,Public Media,V1.1,Rainbow Technologies,Widget A,65
66,Cars,V1.0,Crimson Co.,Thingamajig C,66
67,Media,V1.4,Golden Gate Group,Widget 4,67
68,Event,V1.5,Emerald Enterprises,Gizmo 3,68
69,Health,V1.2,Golden Gate Group,Gizmo B,69
70,Bank Account,V1.5,Rainbow Technologies,Whatchamacallit Y,70
71,Event,V1.2,Blue Sky Inc.,Doohickey Z,71
72,Bank Account,V1.1,Emerald Enterprises,Widget 4,72
73,Event,V1.5,Pineapple Industries,Contraption 1,73
74,Bank Account,V1.4,Emerald Enterprises,Contraption 1,74
75,Food,V1.2,Golden Gate Group,Thingamajig C,75
76,Cars,V1.3,Blue Sky Inc.,Widget 4,76
77,Cars,V1.3,Crimson Co.,Whatchamacallit Y,77
78,Health,V1.3,Emerald Enterprises,Contraption 1,78
79,Cars,V1.0,Sunshine Enterprises,Contraption 1,79
80,Food,V1.1,Sunshine Enterprises,Gizmo B,80
81,Public Media,V1.2,Blue Sky Inc.,Thingamajig C,81
82,Health,V1.5,Pineapple Industries,Thingamajig C,82
83,Public Media,V1.3,Silver Star Solutions,Gadget 2,83
84,Cars,V1.4,Platinum Partners,Whatchamacallit Y,84
85,Cars,V1.4,Crimson Co.,Contraption 1,85
86,Health,V1.4,Crimson Co.,Widget 4,86
87,Cars,V1.3,Pineapple Industries,Doohickey Z,87
88,Cars,V1.3,Rainbow Technologies,Doohickey Z,88
89,Cars,V1.2,Platinum Partners,Gadget 2,89
90,Bank Account,V1.2,Silver Star Solutions,Doohickey Z,90
91,Cars,V1.2,Emerald Enterprises,Whatchamacallit Y,91
92,Event,V1.3,Blue Sky Inc.,Thingamajig C,92
93,Cars,V1.2,Pineapple Industries,Contraption 1,93
94,Media,V1.2,Pineapple Industries,Whatchamacallit Y,94
95,Media,V1.4,Sunshine Enterprises,Doohickey Z,95
96,Food,V1.3,Silver Star Solutions,Thingamajig C,96
97,Public Media,V1.3,Crimson Co.,Gadget 2,97
98,Health,V1.0,Acme Corporation,Whatchamacallit Y,98
99,Public Media,V1.2,Emerald Enterprises,Gizmo B,99
100,Bank Account,V1.5,Sunshine Enterprises,Gizmo B,100
101,Food,V1.2,Crimson Co.,Gadget 2,101
102,Public Media,V1.3,Rainbow Technologies,Gadget 2,102
103,Public Media,V1.0,Crimson Co.,Widget 4,103
104,Public Media,V1.4,Crimson Co.,Widget A,104
105,Public Media,V1.2,Platinum Partners,Widget 4,105
106,Event,V1.5,Sunshine Enterprises,Whatchamacallit Y,106
107,Event,V1.0,Acme Corporation,Thingamajig C,107
108,Public Media,V1.1,Crimson Co.,Contraption 1,108
109,Event,V1.3,Golden Gate Group,Doodad X,109
110,Media,V1.0,Rainbow Technologies,Gizmo B,110
111,Bank Account,V1.2,Sunshine Enterprises,Thingamajig C,111
112,Media,V1.3,Pineapple Industries,Gizmo B,112
113,Food,V1.0,Platinum Partners,Whatchamacallit Y,113
114,Food,V1.5,Blue Sky Inc.,Widget 4,114
115,Media,V1.5,Acme Corporation,Widget A,115
116,Cars,V1.4,Emerald Enterprises,Contraption 1,116
117,Public Media,V1.5,Pineapple Industries,Widget 4,117
118,Public Media,V1.0,Sunshine Enterprises,Whatchamacallit Y,118
119,Food,V1.4,Golden Gate Group,Doodad X,119
120,Bank Account,V1.2,Golden Gate Group,Contraption 1,120
121,Bank Account,V1.1,Acme Corporation,Contraption 1,121
122,Media,V1.2,Crimson Co.,Widget A,122
123,Food,V1.2,Acme Corporation,Thingamajig C,123
124,Public Media,V1.0,Silver Star Solutions,Gadget 2,124
125,Food,V1.1,Sunshine Enterprises,Widget A,125
126,Cars,V1.1,Emerald Enterprises,Gadget 2,126
127,Public Media,V1.3,Crimson Co.,Gizmo B,127
128,Food,V1.0,Silver Star Solutions,Widget 4,128
129,Bank Account,V1.0,Platinum Partners,Widget 4,129
130,Bank Account,V1.1,Crimson Co.,Whatchamacallit Y,130
131,Health,V1.5,Blue Sky Inc.,Whatchamacallit Y,131
132,Event,V1.5,Sunshine Enterprises,Contraption 1,132
133,Health,V1.3,Golden Gate Group,Contraption 1,133
134,Cars,V1.1,Sunshine Enterprises,Widget 4,134
135,Health,V1.3,Sunshine Enterprises,Doodad X,135
136,Media,V1.3,Crimson Co.,Doohickey Z,136
137,Bank Account,V1.3,Rainbow Technologies,Doodad X,137
138,Public Media,V1.1,Golden Gate Group,Thingamajig C,138
139,Food,V1.1,Blue Sky Inc.,Thingamajig C,139
140,Bank Account,V1.1,Rainbow Technologies,Doodad X,140
141,Food,V1.1,Crimson Co.,Doohickey Z,141
142,Health,V1.3,Crimson Co.,Widget A,142
143,Bank Account,V1.1,Pineapple Industries,Whatchamacallit Y,143
144,Health,V1.5,Pineapple Industries,Doohickey Z,144
145,Bank Account,V1.1,Platinum Partners,Doodad X,145
146,Health,V1.2,Sunshine Enterprises,Doohickey Z,146
147,Cars,V1.5,Rainbow Technologies,Gizmo 3,147
148,Cars,V1.3,Emerald Enterprises,Thingamajig C,148
149,Bank Account,V1.4,Platinum Partners,Widget 4,149
150,Food,V1.1,Crimson Co.,Doohickey Z,150
151,Event,V1.2,Blue Sky Inc.,Widget 4,151
152,Media,V1.3,Acme Corporation,Gizmo 3,152
153,Health,V1.2,Emerald Enterprises,Gizmo 3,153
154,Event,V1.1,Golden Gate Group,Widget 4,154
155,Event,V1.4,Sunshine Enterprises,Widget A,155
156,Public Media,V1.2,Golden Gate Group,Widget A,156
157,Food,V1.4,Pineapple Industries,Gadget 2,157
158,Public Media,V1.0,Crimson Co.,Gadget 2,158
159,Media,V1.0,Silver Star Solutions,Doohickey Z,159
160,Cars,V1.5,Sunshine Enterprises,Thingamajig C,160
161,Bank Account,V1.1,Blue Sky Inc.,Widget 4,161
162,Food,V1.2,Platinum Partners,Gadget 2,162
163,Event,V1.5,Blue Sky Inc.,Gizmo 3,163
164,Health,V1.0,Blue Sky Inc.,Widget A,164
165,Health,V1.5,Silver Star Solutions,Doodad X,165
166,Media,V1.0,Platinum Partners,Whatchamacallit Y,166
167,Cars,V1.1,Pineapple Industries,Doohickey Z,167
168,Event,V1.0,Blue Sky Inc.,Widget A,168
169,Health,V1.2,Golden Gate Group,Gadget 2,169
170,Food,V1.3,Crimson Co.,Gadget 2,170
171,Media,V1.1,Sunshine Enterprises,Doodad X,171
172,Media,V1.0,Acme Corporation,Gadget 2,172
173,Bank Account,V1.1,Platinum Partners,Doodad X,173
174,Cars,V1.4,Rainbow Technologies,Whatchamacallit Y,174
175,Event,V1.0,Rainbow Technologies,Gadget 2,175
176,Health,V1.0,Platinum Partners,Gizmo 3,176
177,Bank Account,V1.0,Blue Sky Inc.,Widget A,177
178,Cars,V1.2,Blue Sky Inc.,Contraption 1,178
179,Bank Account,V1.4,Blue Sky Inc.,Widget A,179
180,Public Media,V1.0,Golden Gate Group,Thingamajig C,180
181,Media,V1.0,Rainbow Technologies,Gizmo B,181
182,Food,V1.3,Emerald Enterprises,Doodad X,182
183,Cars,V1.0,Silver Star Solutions,Doohickey Z,183
184,Public Media,V1.3,Rainbow Technologies,Doodad X,184
185,Bank Account,V1.0,Pineapple Industries,Gizmo B,185
186,Event,V1.4,Crimson Co.,Gizmo 3,186
187,Media,V1.5,Blue Sky Inc.,Widget A,187
188,Bank Account,V1.1,Acme Corporation,Gizmo 3,188
189,Media,V1.5,Sunshine Enterprises,Doodad X,189
190,Cars,V1.0,Crimson Co.,Doodad X,190
191,Food,V1.2,Acme Corporation,Gadget 2,191
192,Bank Account,V1.1,Sunshine Enterprises,Doodad X,192
193,Media,V1.2,Crimson Co.,Doodad X,193
194,Public Media,V1.1,Sunshine Enterprises,Gizmo B,194
195,Event,V1.5,Crimson Co.,Doohickey Z,195
196,Cars,V1.5,Pineapple Industries,Gadget 2,196
197,Media,V1.3,Silver Star Solutions,Gizmo 3,197
198,Health,V1.5,Sunshine Enterprises,Widget A,198
199,Event,V1.2,Pineapple Industries,Widget 4,199
200,Media,V1.5,Platinum Partners,Widget A,200
201,Cars,V1.1,Silver Star Solutions,Widget A,201
202,Cars,V1.1,Crimson Co.,Gizmo 3,202
203,Health,V1.4,Blue Sky Inc.,Thingamajig C,203
204,Health,V1.2,Platinum Partners,Widget 4,204
205,Cars,V1.0,Blue Sky Inc.,Gadget 2,205
206,Food,V1.1,Silver Star Solutions,Doohickey Z,206
207,Media,V1.3,Pineapple Industries,Doohickey Z,207
208,Media,V1.5,Acme Corporation,Whatchamacallit Y,208
209,Health,V1.4,Blue Sky Inc.,Gizmo 3,209
210,Media,V1.1,Rainbow Technologies,Contraption 1,210
211,Food,V1.0,Golden Gate Group,Widget 4,211
212,Event,V1.0,Golden Gate Group,Doohickey Z,212
213,Cars,V1.2,Emerald Enterprises,Thingamajig C,213
214,Food,V1.3,Silver Star Solutions,Gizmo 3,214
215,Event,V1.1,Sunshine Enterprises,Gizmo 3,215
216,Bank Account,V1.3,Emerald Enterprises,Gadget 2,216
217,Bank Account,V1.2,Platinum Partners,Contraption 1,217
218,Bank Account,V1.5,Rainbow Technologies,Whatchamacallit Y,218
219,Cars,V1.3,Emerald Enterprises,Doohickey Z,219
220,Media,V1.2,Sunshine Enterprises,Contraption 1,220
221,Bank Account,V1.4,Pineapple Industries,Doohickey Z,221
222,Public Media,V1.0,Emerald Enterprises,Gadget 2,222
223,Health,V1.1,Silver Star Solutions,Whatchamacallit Y,223
224,Health,V1.0,Platinum Partners,Widget 4,224
225,Health,V1.4,Platinum Partners,Gizmo 3,225
226,Bank Account,V1.5,Acme Corporation,Doohickey Z,226
227,Event,V1.0,Acme Corporation,Gadget 2,227
228,Food,V1.3,Silver Star Solutions,Widget A,228
229,Event,V1.3,Platinum Partners,Doohickey Z,229
230,Bank Account,V1.5,Rainbow Technologies,Gizmo 3,230
231,Cars,V1.4,Emerald Enterprises,Thingamajig C,231
232,Bank Account,V1.0,Acme Corporation,Contraption 1,232
233,Cars,V1.2,Silver Star Solutions,Gadget 2,233
234,Bank Account,V1.3,Pineapple Industries,Widget 4,234
235,Cars,V1.2,Emerald Enterprises,Gadget 2,235
236,Media,V1.4,Acme Corporation,Contraption 1,236
237,Cars,V1.1,Acme Corporation,Contraption 1,237
238,Food,V1.2,Sunshine Enterprises,Contraption 1,238
239,Event,V1.3,Rainbow Technologies,Doodad X,239
240,Food,V1.1,Acme Corporation,Thingamajig C,240
241,Public Media,V1.2,Crimson Co.,Gadget 2,241
242,Cars,V1.1,Crimson Co.,Whatchamacallit Y,242
243,Media,V1.2,Silver Star Solutions,Thingamajig C,243
244,Media,V1.0,Blue Sky Inc.,Gizmo 3,244
245,Event,V1.4,Blue Sky Inc.,Contraption 1,245
246,Public Media,V1.3,Emerald Enterprises,Widget A,246
247,Media,V1.2,Rainbow Technologies,Gizmo 3,247
248,Public Media,V1.3,Sunshine Enterprises,Doodad X,248
249,Food,V1.2,Crimson Co.,Widget A,249
250,Food,V1.2,Emerald Enterprises,Doohickey Z,250
251,Health,V1.5,Crimson Co.,Widget 4,251
252,Media,V1.5,Silver Star Solutions,Doohickey Z,252
253,Media,V1.0,Silver Star Solutions,Gizmo B,253
254,Food,V1.5,Acme Corporation,Doodad X,254
255,Health,V1.4,Blue Sky Inc.,Gizmo 3,255
256,Health,V1.1,Acme Corporation,Widget A,256
257,Media,V1.5,Rainbow Technologies,Widget A,257
258,Food,V1.2,Acme Corporation,Widget A,258
259,Event,V1.3,Rainbow Technologies,Doohickey Z,259
260,Bank Account,V1.2,Golden Gate Group,Thingamajig C,260
261,Public Media,V1.1,Silver Star Solutions,Gizmo B,261
262,Bank Account,V1.3,Golden Gate Group,Thingamajig C,262
263,Cars,V1.0,Emerald Enterprises,Gadget 2,263
264,Health,V1.4,Sunshine Enterprises,Widget 4,264
265,Health,V1.4,Silver Star Solutions,Gizmo B,265
266,Cars,V1.4,Golden Gate Group,Gizmo 3,266
267,Food,V1.1,Acme Corporation,Gadget 2,267
268,Media,V1.3,Emerald Enterprises,Widget 4,268
269,Event,V1.4,Crimson Co.,Doodad X,269
270,Bank Account,V1.1,Acme Corporation,Gizmo B,270
271,Food,V1.3,Blue Sky Inc.,Widget A,271
272,Bank Account,V1.4,Acme Corporation,Doohickey Z,272
273,Food,V1.3,Silver Star Solutions,Whatchamacallit Y,273
274,Health,V1.0,Crimson Co.,Thingamajig C,274
275,Cars,V1.5,Rainbow Technologies,Gadget 2,275
276,Media,V1.4,Silver Star Solutions,Gizmo 3,276
277,Public Media,V1.0,Rainbow Technologies,Whatchamacallit Y,277
278,Media,V1.5,Rainbow Technologies,Whatchamacallit Y,278
279,Event,V1.5,Blue Sky Inc.,Gizmo B,279
280,Health,V1.3,Silver Star Solutions,Widget 4,280
281,Public Media,V1.3,Rainbow Technologies,Contraption 1,281
282,Media,V1.2,Acme Corporation,Whatchamacallit Y,282
283,Media,V1.5,Pineapple Industries,Gizmo 3,283
284,Bank Account,V1.3,Emerald Enterprises,Gizmo 3,284
285,Food,V1.3,Pineapple Industries,Doodad X,285
286,Event,V1.1,Blue Sky Inc.,Thingamajig C,286
287,Event,V1.0,Golden Gate Group,Gizmo 3,287
288,Public Media,V1.3,Golden Gate Group,Contraption 1,288
289,Public Media,V1.4,Crimson Co.,Gizmo 3,289
290,Food,V1.3,Golden Gate Group,Doodad X,290
291,Public Media,V1.1,Golden Gate Group,Gadget 2,291
292,Cars,V1.0,Emerald Enterprises,Whatchamacallit Y,292
293,Health,V1.4,Sunshine Enterprises,Doohickey Z,293
294,Media,V1.1,Crimson Co.,Contraption 1,294
295,Media,V1.3,Sunshine Enterprises,Contraption 1,295
296,Public Media,V1.0,Crimson Co.,Gizmo 3,296
297,Cars,V1.3,Golden Gate Group,Contraption 1,297
298,Media,V1.4,Golden Gate Group,Contraption 1,298
299,Cars,V1.2,Silver Star Solutions,Thingamajig C,299
300,Media,V1.0,Crimson Co.,Widget 4,300
301,Media,V1.0,Pineapple Industries,Gizmo 3,301
302,Event,V1.1,Blue Sky Inc.,Widget 4,302
303,Cars,V1.0,Pineapple Industries,Widget A,303
304,Media,V1.2,Rainbow Technologies,Doohickey Z,304
305,Media,V1.0,Blue Sky Inc.,Gizmo 3,305
306,Public Media,V1.2,Crimson Co.,Contraption 1,306
307,Event,V1.4,Rainbow Technologies,Gadget 2,307
308,Event,V1.1,Rainbow Technologies,Thingamajig C,308
309,Cars,V1.1,Crimson Co.,Whatchamacallit Y,309
310,Media,V1.2,Platinum Partners,Gizmo 3,310
311,Public Media,V1.5,Blue Sky Inc.,Contraption 1,311
312,Media,V1.3,Sunshine Enterprises,Gadget 2,312
313,Media,V1.4,Platinum Partners,Gadget 2,313
314,Public Media,V1.1,Blue Sky Inc.,Thingamajig C,314
315,Public Media,V1.1,Crimson Co.,Widget 4,315
316,Cars,V1.0,Golden Gate Group,Gizmo 3,316
317,Event,V1.4,Emerald Enterprises,Doodad X,317
318,Media,V1.5,Sunshine Enterprises,Gadget 2,318
319,Media,V1.0,Acme Corporation,Gizmo B,319
320,Food,V1.3,Emerald Enterprises,Gizmo 3,320
321,Public Media,V1.5,Emerald Enterprises,Gizmo B,321
322,Food,V1.5,Blue Sky Inc.,Gizmo B,322
323,Event,V1.2,Golden Gate Group,Contraption 1,323
324,Health,V1.3,Rainbow Technologies,Gizmo B,324
325,Cars,V1.4,Platinum Partners,Doodad X,325
326,Food,V1.2,Crimson Co.,Gizmo 3,326
327,Cars,V1.1,Acme Corporation,Doohickey Z,327
328,Public Media,V1.0,Acme Corporation,Gizmo B,328
329,Cars,V1.3,Acme Corporation,Widget A,329
330,Bank Account,V1.2,Crimson Co.,Widget A,330
331,Bank Account,V1.4,Crimson Co.,Whatchamacallit Y,331
332,Cars,V1.2,Pineapple Industries,Gizmo B,332
333,Health,V1.0,Golden Gate Group,Doohickey Z,333
334,Event,V1.4,Golden Gate Group,Thingamajig C,334
335,Public Media,V1.2,Pineapple Industries,Gizmo B,335
336,Food,V1.0,Pineapple Industries,Doohickey Z,336
337,Media,V1.1,Crimson Co.,Doodad X,337
338,Cars,V1.3,Platinum Partners,Widget A,338
339,Health,V1.0,Platinum Partners,Gizmo 3,339
340,Event,V1.1,Emerald Enterprises,Widget 4,340
341,Public Media,V1.5,Crimson Co.,Thingamajig C,341
342,Food,V1.2,Acme Corporation,Thingamajig C,342
343,Event,V1.5,Acme Corporation,Whatchamacallit Y,343
344,Health,V1.4,Acme Corporation,Contraption 1,344
345,Food,V1.1,Rainbow Technologies,Gizmo B,345
346,Bank Account,V1.0,Platinum Partners,Widget 4,346
347,Media,V1.5,Crimson Co.,Widget 4,347
348,Bank Account,V1.5,Rainbow Technologies,Gadget 2,348
349,Event,V1.2,Silver Star Solutions,Gizmo 3,349
350,Media,V1.4,Rainbow Technologies,Gizmo 3,350
351,Food,V1.0,Crimson Co.,Gizmo 3,351
352,Bank Account,V1.0,Crimson Co.,Gizmo B,352
353,Food,V1.2,Emerald Enterprises,Contraption 1,353
354,Cars,V1.1,Crimson Co.,Widget 4,354
355,Cars,V1.5,Pineapple Industries,Widget A,355
356,Cars,V1.5,Sunshine Enterprises,Gizmo B,356
357,Health,V1.4,Sunshine Enterprises,Gizmo B,357
358,Event,V1.1,Silver Star Solutions,Thingamajig C,358
359,Cars,V1.0,Pineapple Industries,Doodad X,359
360,Event,V1.3,Crimson Co.,Widget A,360
361,Food,V1.2,Pineapple Industries,Contraption 1,361
362,Bank Account,V1.0,Golden Gate Group,Gadget 2,362
363,Health,V1.4,Crimson Co.,Doohickey Z,363
364,Cars,V1.4,Pineapple Industries,Contraption 1,364
365,Public Media,V1.4,Emerald Enterprises,Gizmo B,365
366,Food,V1.2,Emerald Enterprises,Doohickey Z,366
367,Media,V1.0,Platinum Partners,Gadget 2,367
368,Bank Account,V1.4,Crimson Co.,Doodad X,368
369,Cars,V1.2,Sunshine Enterprises,Doodad X,369
370,Public Media,V1.4,Sunshine Enterprises,Widget A,370
371,Media,V1.5,Platinum Partners,Whatchamacallit Y,371
372,Public Media,V1.3,Platinum Partners,Doodad X,372
373,Health,V1.2,Rainbow Technologies,Widget A,373
374,Cars,V1.2,Crimson Co.,Gizmo 3,374
375,Cars,V1.1,Emerald Enterprises,Doohickey Z,375
376,Cars,V1.4,Sunshine Enterprises,Doohickey Z,376
377,Bank Account,V1.2,Blue Sky Inc.,Thingamajig C,377
378,Media,V1.2,Sunshine Enterprises,Doohickey Z,378
379,Bank Account,V1.4,Blue Sky Inc.,Contraption 1,379
380,Bank Account,V1.5,Blue Sky Inc.,Whatchamacallit Y,380
381,Public Media,V1.1,Golden Gate Group,Thingamajig C,381
382,Bank Account,V1.0,Crimson Co.,Widget A,382
383,Event,V1.2,Blue Sky Inc.,Gadget 2,383
384,Cars,V1.0,Silver Star Solutions,Doodad X,384
385,Bank Account,V1.5,Blue Sky Inc.,Gizmo B,385
386,Food,V1.4,Pineapple Industries,Gizmo 3,386
387,Health,V1.0,Platinum Partners,Widget A,387
388,Food,V1.1,Blue Sky Inc.,Doodad X,388
389,Health,V1.3,Rainbow Technologies,Widget A,389
390,Health,V1.3,Platinum Partners,Widget 4,390
391,Media,V1.1,Emerald Enterprises,Doodad X,391
392,Bank Account,V1.2,Pineapple Industries,Doohickey Z,392
393,Bank Account,V1.2,Golden Gate Group,Gizmo B,393
394,Food,V1.1,Crimson Co.,Gizmo 3,394
395,Public Media,V1.3,Rainbow Technologies,Gadget 2,395
396,Media,V1.2,Silver Star Solutions,Widget 4,396
397,Food,V1.4,Acme Corporation,Doohickey Z,397
398,Food,V1.3,Platinum Partners,Whatchamacallit Y,398
399,Bank Account,V1.4,Platinum Partners,Doohickey Z,399
400,Health,V1.2,Blue Sky Inc.,Gizmo 3,400
401,Bank Account,V1.3,Silver Star Solutions,Widget A,401
402,Media,V1.1,Silver Star Solutions,Gizmo B,402
403,Media,V1.2,Rainbow Technologies,Doodad X,403
404,Public Media,V1.2,Pineapple Industries,Doodad X,404
405,Health,V1.5,Acme Corporation,Doohickey Z,405
406,Cars,V1.1,Pineapple Industries,Widget A,406
407,Event,V1.3,Acme Corporation,Widget A,407
408,Public Media,V1.4,Emerald Enterprises,Gizmo 3,408
409,Public Media,V1.0,Pineapple Industries,Doodad X,409
410,Public Media,V1.2,Acme Corporation,Whatchamacallit Y,410
411,Media,V1.0,Golden Gate Group,Thingamajig C,411
412,Health,V1.2,Blue Sky Inc.,Contraption 1,412
413,Health,V1.4,Blue Sky Inc.,Contraption 1,413
414,Media,V1.1,Acme Corporation,Doodad X,414
415,Public Media,V1.1,Pineapple Industries,Contraption 1,415
416,Health,V1.3,Silver Star Solutions,Widget 4,416
417,Bank Account,V1.3,Pineapple Industries,Whatchamacallit Y,417
418,Public Media,V1.4,Golden Gate Group,Contraption 1,418
419,Public Media,V1.2,Platinum Partners,Gadget 2,419
420,Cars,V1.5,Sunshine Enterprises,Doodad X,420
421,Event,V1.0,Blue Sky Inc.,Gizmo B,421
422,Public Media,V1.2,Platinum Partners,Gadget 2,422
423,Health,V1.4,Sunshine Enterprises,Widget A,423
424,Health,V1.0,Emerald Enterprises,Thingamajig C,424
425,Cars,V1.1,Pineapple Industries,Gizmo 3,425
426,Bank Account,V1.0,Platinum Partners,Doohickey Z,426
427,Bank Account,V1.4,Crimson Co.,Whatchamacallit Y,427
428,Media,V1.0,Sunshine Enterprises,Widget 4,428
429,Health,V1.5,Sunshine Enterprises,Whatchamacallit Y,429
430,Cars,V1.1,Platinum Partners,Widget 4,430
431,Public Media,V1.5,Golden Gate Group,Doodad X,431
432,Health,V1.2,Rainbow Technologies,Widget 4,432
433,Cars,V1.5,Emerald Enterprises,Widget A,433
434,Media,V1.3,Rainbow Technologies,Doodad X,434
435,Health,V1.4,Sunshine Enterprises,Whatchamacallit Y,435
436,Food,V1.5,Pineapple Industries,Contraption 1,436
437,Public Media,V1.2,Rainbow Technologies,Contraption 1,437
438,Media,V1.5,Golden Gate Group,Widget 4,438
439,Media,V1.5,Acme Corporation,Gizmo B,439
440,Bank Account,V1.0,Blue Sky Inc.,Gizmo 3,440
441,Health,V1.0,Crimson Co.,Doohickey Z,441
442,Food,V1.1,Crimson Co.,Gizmo 3,442
443,Event,V1.2,Acme Corporation,Contraption 1,443
444,Public Media,V1.1,Sunshine Enterprises,Widget 4,444
445,Food,V1.3,Pineapple Industries,Widget A,445
446,Food,V1.3,Pineapple Industries,Widget A,446
447,Media,V1.1,Platinum Partners,Whatchamacallit Y,447
448,Public Media,V1.1,Platinum Partners,Contraption 1,448
449,Media,V1.4,Sunshine Enterprises,Doodad X,449
450,Event,V1.1,Golden Gate Group,Gizmo B,450
451,Event,V1.1,Rainbow Technologies,Contraption 1,451
452,Food,V1.3,Silver Star Solutions,Whatchamacallit Y,452
453,Health,V1.1,Blue Sky Inc.,Contraption 1,453
454,Bank Account,V1.1,Platinum Partners,Gizmo B,454
455,Bank Account,V1.1,Golden Gate Group,Widget 4,455
456,Public Media,V1.1,Rainbow Technologies,Gadget 2,456
457,Media,V1.5,Pineapple Industries,Contraption 1,457
458,Health,V1.0,Blue Sky Inc.,Gizmo 3,458
459,Media,V1.2,Acme Corporation,Whatchamacallit Y,459
460,Bank Account,V1.3,Sunshine Enterprises,Gadget 2,460
461,Bank Account,V1.3,Acme Corporation,Widget 4,461
462,Media,V1.4,Blue Sky Inc.,Widget A,462
463,Health,V1.5,Sunshine Enterprises,Thingamajig C,463
464,Cars,V1.1,Silver Star Solutions,Gadget 2,464
465,Cars,V1.5,Platinum Partners,Thingamajig C,465
466,Bank Account,V1.3,Pineapple Industries,Widget 4,466
467,Public Media,V1.4,Pineapple Industries,Thingamajig C,467
468,Cars,V1.0,Pineapple Industries,Doohickey Z,468
469,Media,V1.1,Rainbow Technologies,Contraption 1,469
470,Media,V1.4,Pineapple Industries,Gadget 2,470
471,Health,V1.1,Sunshine Enterprises,Thingamajig C,471
472,Bank Account,V1.2,Acme Corporation,Widget A,472
473,Media,V1.2,Blue Sky Inc.,Doodad X,473
474,Health,V1.1,Blue Sky Inc.,Contraption 1,474
475,Food,V1.1,Emerald Enterprises,Widget 4,475
476,Health,V1.1,Silver Star Solutions,Contraption 1,476
477,Event,V1.3,Silver Star Solutions,Gizmo 3,477
478,Bank Account,V1.3,Acme Corporation,Gizmo B,478
479,Health,V1.3,Sunshine Enterprises,Thingamajig C,479
480,Cars,V1.3,Rainbow Technologies,Widget 4,480
481,Event,V1.0,Golden Gate Group,Widget 4,481
482,Food,V1.2,Platinum Partners,Gizmo 3,482
483,Public Media,V1.1,Pineapple Industries,Gadget 2,483
484,Public Media,V1.3,Emerald Enterprises,Doohickey Z,484
485,Media,V1.1,Crimson Co.,Gizmo 3,485
486,Public Media,V1.5,Emerald Enterprises,Gizmo B,486
487,Media,V1.2,Silver Star Solutions,Doodad X,487
488,Event,V1.5,Blue Sky Inc.,Widget A,488
489,Food,V1.0,Crimson Co.,Doohickey Z,489
490,Public Media,V1.5,Sunshine Enterprises,Thingamajig C,490
491,Bank Account,V1.3,Blue Sky Inc.,Contraption 1,491
492,Cars,V1.5,Rainbow Technologies,Gadget 2,492
493,Media,V1.5,Pineapple Industries,Gizmo B,493
494,Event,V1.2,Platinum Partners,Gizmo B,494
495,Health,V1.1,Blue Sky Inc.,Doohickey Z,495
496,Food,V1.5,Blue Sky Inc.,Gizmo 3,496
497,Food,V1.4,Acme Corporation,Doohickey Z,497
498,Health,V1.0,Sunshine Enterprises,Doohickey Z,498
499,Media,V1.0,Silver Star Solutions,Widget 4,499
500,Public Media,V1.0,Platinum Partners,Gadget 2,500
501,Media,V1.4,Sunshine Enterprises,Doohickey Z,501
502,Public Media,V1.4,Silver Star Solutions,Whatchamacallit Y,502
503,Media,V1.5,Emerald Enterprises,Widget A,503
504,Bank Account,V1.0,Crimson Co.,Doodad X,504
505,Food,V1.3,Pineapple Industries,Contraption 1,505
506,Event,V1.3,Silver Star Solutions,Gizmo 3,506
507,Food,V1.0,Sunshine Enterprises,Widget A,507
508,Bank Account,V1.4,Crimson Co.,Gadget 2,508
509,Health,V1.1,Crimson Co.,Widget 4,509
510,Food,V1.2,Acme Corporation,Whatchamacallit Y,510
511,Food,V1.5,Rainbow Technologies,Thingamajig C,511
512,Health,V1.1,Platinum Partners,Thingamajig C,512
513,Event,V1.3,Rainbow Technologies,Gadget 2,513
514,Health,V1.1,Blue Sky Inc.,Thingamajig C,514
515,Event,V1.4,Pineapple Industries,Widget A,515
516,Food,V1.1,Silver Star Solutions,Whatchamacallit Y,516
517,Event,V1.2,Emerald Enterprises,Thingamajig C,517
518,Health,V1.1,Crimson Co.,Widget A,518
519,Public Media,V1.1,Emerald Enterprises,Widget A,519
520,Health,V1.1,Blue Sky Inc.,Doohickey Z,520
521,Event,V1.1,Blue Sky Inc.,Contraption 1,521
522,Bank Account,V1.2,Blue Sky Inc.,Gadget 2,522
523,Media,V1.3,Crimson Co.,Thingamajig C,523
524,Health,V1.2,Blue Sky Inc.,Whatchamacallit Y,524
525,Public Media,V1.3,Pineapple Industries,Widget 4,525
526,Event,V1.2,Blue Sky Inc.,Whatchamacallit Y,526
527,Event,V1.3,Golden Gate Group,Gizmo 3,527
528,Health,V1.0,Crimson Co.,Contraption 1,528
529,Public Media,V1.3,Pineapple Industries,Contraption 1,529
530,Food,V1.3,Pineapple Industries,Gizmo 3,530
531,Public Media,V1.2,Platinum Partners,Gizmo 3,531
532,Health,V1.2,Sunshine Enterprises,Whatchamacallit Y,532
533,Cars,V1.5,Acme Corporation,Doohickey Z,533
534,Food,V1.4,Rainbow Technologies,Contraption 1,534
535,Event,V1.1,Silver Star Solutions,Gadget 2,535
536,Event,V1.3,Golden Gate Group,Gadget 2,536
537,Media,V1.3,Platinum Partners,Doodad X,537
538,Food,V1.0,Crimson Co.,Doohickey Z,538
539,Media,V1.0,Sunshine Enterprises,Gizmo B,539
540,Cars,V1.5,Emerald Enterprises,Whatchamacallit Y,540
541,Public Media,V1.5,Silver Star Solutions,Gizmo 3,541
542,Bank Account,V1.2,Emerald Enterprises,Gizmo 3,542
543,Public Media,V1.0,Pineapple Industries,Gizmo 3,543
544,Food,V1.3,Emerald Enterprises,Widget A,544
545,Cars,V1.1,Sunshine Enterprises,Doohickey Z,545
546,Bank Account,V1.2,Crimson Co.,Widget 4,546
547,Public Media,V1.0,Emerald Enterprises,Gizmo 3,547
548,Event,V1.3,Emerald Enterprises,Gizmo 3,548
549,Cars,V1.5,Blue Sky Inc.,Gizmo 3,549
550,Bank Account,V1.0,Crimson Co.,Gadget 2,550
551,Cars,V1.5,Crimson Co.,Gizmo B,551
552,Bank Account,V1.4,Sunshine Enterprises,Thingamajig C,552
553,Health,V1.3,Rainbow Technologies,Widget 4,553
554,Health,V1.4,Pineapple Industries,Widget A,554
555,Bank Account,V1.1,Silver Star Solutions,Contraption 1,555
556,Media,V1.3,Sunshine Enterprises,Widget A,556
557,Public Media,V1.4,Emerald Enterprises,Gizmo B,557
558,Health,V1.3,Crimson Co.,Gadget 2,558
559,Food,V1.2,Platinum Partners,Widget 4,559
560,Cars,V1.5,Rainbow Technologies,Widget 4,560
561,Bank Account,V1.0,Acme Corporation,Gizmo B,561
562,Bank Account,V1.4,Emerald Enterprises,Widget 4,562
563,Health,V1.3,Acme Corporation,Doohickey Z,563
564,Bank Account,V1.0,Blue Sky Inc.,Gizmo B,564
565,Food,V1.3,Rainbow Technologies,Gizmo B,565
566,Bank Account,V1.0,Silver Star Solutions,Doodad X,566
567,Cars,V1.4,Pineapple Industries,Gizmo 3,567
568,Cars,V1.5,Crimson Co.,Gadget 2,568
569,Media,V1.1,Rainbow Technologies,Contraption 1,569
570,Media,V1.1,Pineapple Industries,Widget A,570
571,Bank Account,V1.2,Blue Sky Inc.,Whatchamacallit Y,571
572,Media,V1.2,Silver Star Solutions,Gizmo B,572
573,Media,V1.3,Emerald Enterprises,Thingamajig C,573
574,Health,V1.0,Acme Corporation,Contraption 1,574
575,Bank Account,V1.1,Acme Corporation,Gizmo B,575
576,Food,V1.4,Rainbow Technologies,Gizmo 3,576
577,Health,V1.1,Blue Sky Inc.,Doohickey Z,577
578,Health,V1.5,Silver Star Solutions,Widget A,578
579,Food,V1.4,Acme Corporation,Gadget 2,579
580,Bank Account,V1.5,Sunshine Enterprises,Thingamajig C,580
581,Media,V1.2,Pineapple Industries,Contraption 1,581
582,Cars,V1.1,Pineapple Industries,Widget A,582
583,Cars,V1.5,Rainbow Technologies,Thingamajig C,583
584,Public Media,V1.1,Pineapple Industries,Widget A,584
585,Health,V1.4,Blue Sky Inc.,Gizmo B,585
586,Food,V1.0,Sunshine Enterprises,Widget 4,586
587,Food,V1.1,Sunshine Enterprises,Whatchamacallit Y,587
588,Health,V1.3,Blue Sky Inc.,Gadget 2,588
589,Health,V1.3,Blue Sky Inc.,Thingamajig C,589
590,Cars,V1.5,Blue Sky Inc.,Whatchamacallit Y,590
591,Public Media,V1.1,Pineapple Industries,Gizmo B,591
592,Food,V1.3,Golden Gate Group,Doohickey Z,592
593,Event,V1.0,Golden Gate Group,Contraption 1,593
594,Media,V1.4,Rainbow Technologies,Widget A,594
595,Food,V1.4,Blue Sky Inc.,Whatchamacallit Y,595
596,Event,V1.0,Pineapple Industries,Contraption 1,596
597,Bank Account,V1.5,Crimson Co.,Doohickey Z,597
598,Cars,V1.1,Golden Gate Group,Doodad X,598
599,Health,V1.2,Golden Gate Group,Gizmo 3,599
600,Cars,V1.2,Silver Star Solutions,Whatchamacallit Y,600
601,Public Media,V1.0,Silver Star Solutions,Thingamajig C,601
602,Bank Account,V1.3,Golden Gate Group,Gizmo 3,602
603,Event,V1.1,Acme Corporation,Contraption 1,603
604,Public Media,V1.5,Acme Corporation,Doodad X,604
605,Bank Account,V1.1,Blue Sky Inc.,Gizmo B,605
606,Health,V1.5,Silver Star Solutions,Widget A,606
607,Food,V1.0,Acme Corporation,Gadget 2,607
608,Cars,V1.4,Blue Sky Inc.,Gizmo B,608
609,Food,V1.4,Blue Sky Inc.,Widget A,609
610,Bank Account,V1.5,Sunshine Enterprises,Doodad X,610
611,Event,V1.2,Blue Sky Inc.,Thingamajig C,611
612,Health,V1.0,Emerald Enterprises,Whatchamacallit Y,612
613,Media,V1.2,Acme Corporation,Gizmo 3,613
614,Health,V1.0,Blue Sky Inc.,Gizmo 3,614
615,Public Media,V1.4,Rainbow Technologies,Gizmo B,615
616,Bank Account,V1.3,Silver Star Solutions,Widget 4,616
617,Cars,V1.4,Pineapple Industries,Doodad X,617
618,Media,V1.2,Sunshine Enterprises,Gadget 2,618
619,Event,V1.5,Acme Corporation,Gadget 2,619
620,Health,V1.4,Pineapple Industries,Gizmo 3,620
621,Food,V1.5,Crimson Co.,Doohickey Z,621
622,Food,V1.3,Acme Corporation,Whatchamacallit Y,622
623,Bank Account,V1.1,Pineapple Industries,Gadget 2,623
624,Food,V1.5,Golden Gate Group,Contraption 1,624
625,Media,V1.5,Emerald Enterprises,Widget 4,625
626,Public Media,V1.0,Crimson Co.,Gizmo B,626
627,Bank Account,V1.4,Blue Sky Inc.,Gizmo B,627
628,Health,V1.5,Platinum Partners,Gizmo B,628
629,Health,V1.0,Emerald Enterprises,Whatchamacallit Y,629
630,Health,V1.5,Pineapple Industries,Widget 4,630
631,Media,V1.1,Emerald Enterprises,Gizmo 3,631
632,Health,V1.3,Pineapple Industries,Contraption 1,632
633,Bank Account,V1.5,Rainbow Technologies,Whatchamacallit Y,633
634,Health,V1.4,Emerald Enterprises,Doodad X,634
635,Media,V1.5,Emerald Enterprises,Whatchamacallit Y,635
636,Media,V1.4,Silver Star Solutions,Contraption 1,636
637,Food,V1.4,Golden Gate Group,Gadget 2,637
638,Event,V1.4,Emerald Enterprises,Doohickey Z,638
639,Cars,V1.0,Emerald Enterprises,Gizmo 3,639
640,Cars,V1.1,Rainbow Technologies,Contraption 1,640
641,Bank Account,V1.2,Silver Star Solutions,Thingamajig C,641
642,Food,V1.4,Acme Corporation,Widget 4,642
643,Event,V1.2,Crimson Co.,Doodad X,643
644,Public Media,V1.3,Rainbow Technologies,Widget 4,644
645,Cars,V1.2,Platinum Partners,Doohickey Z,645
646,Media,V1.5,Platinum Partners,Doohickey Z,646
647,Bank Account,V1.0,Blue Sky Inc.,Gizmo B,647
648,Public Media,V1.5,Platinum Partners,Widget 4,648
649,Health,V1.4,Crimson Co.,Widget A,649
650,Public Media,V1.3,Crimson Co.,Whatchamacallit Y,650
651,Event,V1.4,Crimson Co.,Doodad X,651
652,Cars,V1.4,Platinum Partners,Gizmo B,652
653,Public Media,V1.5,Emerald Enterprises,Gadget 2,653
654,Cars,V1.3,Golden Gate Group,Doohickey Z,654
655,Media,V1.0,Silver Star Solutions,Widget A,655
656,Cars,V1.3,Crimson Co.,Gizmo B,656
657,Cars,V1.0,Blue Sky Inc.,Gizmo 3,657
658,Event,V1.4,Silver Star Solutions,Thingamajig C,658
659,Food,V1.3,Acme Corporation,Widget A,659
660,Food,V1.3,Silver Star Solutions,Contraption 1,660
661,Cars,V1.3,Silver Star Solutions,Doohickey Z,661
662,Food,V1.0,Emerald Enterprises,Gadget 2,662
663,Media,V1.5,Crimson Co.,Doohickey Z,663
664,Cars,V1.2,Crimson Co.,Whatchamacallit Y,664
665,Public Media,V1.1,Crimson Co.,Doodad X,665
666,Media,V1.4,Sunshine Enterprises,Whatchamacallit Y,666
667,Event,V1.5,Pineapple Industries,Doodad X,667
668,Cars,V1.0,Emerald Enterprises,Gizmo B,668
669,Media,V1.0,Golden Gate Group,Contraption 1,669
670,Cars,V1.1,Platinum Partners,Doohickey Z,670
671,Cars,V1.3,Acme Corporation,Doohickey Z,671
672,Event,V1.1,Rainbow Technologies,Gizmo B,672
673,Bank Account,V1.1,Crimson Co.,Contraption 1,673
674,Public Media,V1.1,Golden Gate Group,Doohickey Z,674
675,Health,V1.4,Platinum Partners,Thingamajig C,675
676,Food,V1.1,Crimson Co.,Contraption 1,676
677,Bank Account,V1.1,Platinum Partners,Gizmo B,677
678,Public Media,V1.4,Silver Star Solutions,Gadget 2,678
679,Event,V1.2,Pineapple Industries,Doodad X,679
680,Event,V1.3,Platinum Partners,Gadget 2,680
681,Public Media,V1.2,Crimson Co.,Thingamajig C,681
682,Health,V1.2,Crimson Co.,Widget A,682
683,Media,V1.5,Silver Star Solutions,Gadget 2,683
684,Public Media,V1.4,Platinum Partners,Widget A,684
685,Cars,V1.5,Rainbow Technologies,Doohickey Z,685
686,Event,V1.1,Silver Star Solutions,Widget A,686
687,Health,V1.0,Silver Star Solutions,Gizmo 3,687
688,Bank Account,V1.2,Acme Corporation,Whatchamacallit Y,688
689,Bank Account,V1.4,Blue Sky Inc.,Contraption 1,689
690,Food,V1.5,Golden Gate Group,Gizmo B,690
691,Event,V1.5,Rainbow Technologies,Gizmo B,691
692,Bank Account,V1.1,Blue Sky Inc.,Whatchamacallit Y,692
693,Cars,V1.1,Golden Gate Group,Gizmo 3,693
694,Food,V1.2,Platinum Partners,Gizmo 3,694
695,Health,V1.2,Blue Sky Inc.,Contraption 1,695
696,Cars,V1.5,Pineapple Industries,Gizmo B,696
697,Media,V1.2,Emerald Enterprises,Gizmo 3,697
698,Food,V1.1,Crimson Co.,Contraption 1,698
699,Media,V1.0,Acme Corporation,Gadget 2,699
700,Public Media,V1.5,Silver Star Solutions,Doodad X,700
701,Media,V1.1,Sunshine Enterprises,Gadget 2,701
702,Event,V1.2,Acme Corporation,Whatchamacallit Y,702
703,Event,V1.0,Sunshine Enterprises,Gadget 2,703
704,Public Media,V1.0,Pineapple Industries,Contraption 1,704
705,Cars,V1.5,Rainbow Technologies,Thingamajig C,705
706,Bank Account,V1.1,Blue Sky Inc.,Whatchamacallit Y,706
707,Public Media,V1.4,Acme Corporation,Doohickey Z,707
708,Cars,V1.5,Acme Corporation,Doodad X,708
709,Public Media,V1.4,Acme Corporation,Doohickey Z,709
710,Media,V1.1,Platinum Partners,Widget 4,710
711,Bank Account,V1.2,Silver Star Solutions,Widget A,711
712,Cars,V1.5,Emerald Enterprises,Gizmo 3,712
713,Food,V1.0,Silver Star Solutions,Widget 4,713
714,Bank Account,V1.4,Silver Star Solutions,Gizmo B,714
715,Event,V1.5,Silver Star Solutions,Widget A,715
716,Health,V1.0,Pineapple Industries,Contraption 1,716
717,Bank Account,V1.5,Acme Corporation,Doohickey Z,717
718,Public Media,V1.5,Emerald Enterprises,Doodad X,718
719,Event,V1.1,Rainbow Technologies,Gadget 2,719
720,Food,V1.3,Crimson Co.,Contraption 1,720
721,Bank Account,V1.2,Platinum Partners,Whatchamacallit Y,721
722,Bank Account,V1.0,Platinum Partners,Thingamajig C,722
723,Cars,V1.0,Rainbow Technologies,Gizmo 3,723
724,Bank Account,V1.3,Pineapple Industries,Thingamajig C,724
725,Media,V1.1,Acme Corporation,Contraption 1,725
726,Public Media,V1.0,Platinum Partners,Gizmo B,726
727,Cars,V1.3,Golden Gate Group,Contraption 1,727
728,Event,V1.0,Golden Gate Group,Gizmo B,728
729,Bank Account,V1.1,Sunshine Enterprises,Whatchamacallit Y,729
730,Cars,V1.0,Rainbow Technologies,Gadget 2,730
731,Cars,V1.1,Pineapple Industries,Thingamajig C,731
732,Cars,V1.2,Golden Gate Group,Gizmo B,732
733,Media,V1.4,Pineapple Industries,Whatchamacallit Y,733
734,Food,V1.2,Silver Star Solutions,Doohickey Z,734
735,Cars,V1.0,Rainbow Technologies,Doohickey Z,735
736,Event,V1.5,Emerald Enterprises,Thingamajig C,736
737,Public Media,V1.4,Pineapple Industries,Contraption 1,737
738,Health,V1.5,Golden Gate Group,Doohickey Z,738
739,Health,V1.3,Sunshine Enterprises,Doodad X,739
740,Media,V1.3,Emerald Enterprises,Gizmo B,740
741,Media,V1.2,Rainbow Technologies,Contraption 1,741
742,Health,V1.4,Golden Gate Group,Thingamajig C,742
743,Food,V1.2,Sunshine Enterprises,Widget 4,743
744,Health,V1.4,Platinum Partners,Contraption 1,744
745,Event,V1.5,Acme Corporation,Whatchamacallit Y,745
746,Health,V1.1,Golden Gate Group,Doodad X,746
747,Event,V1.5,Sunshine Enterprises,Gadget 2,747
748,Bank Account,V1.4,Golden Gate Group,Gizmo B,748
749,Bank Account,V1.1,Acme Corporation,Widget A,749
750,Media,V1.0,Sunshine Enterprises,Gadget 2,750
751,Health,V1.4,Pineapple Industries,Gadget 2,751
752,Health,V1.1,Blue Sky Inc.,Whatchamacallit Y,752
753,Event,V1.4,Blue Sky Inc.,Widget 4,753
754,Public Media,V1.4,Silver Star Solutions,Widget 4,754
755,Health,V1.3,Sunshine Enterprises,Doohickey Z,755
756,Public Media,V1.1,Platinum Partners,Doodad X,756
757,Event,V1.3,Emerald Enterprises,Widget 4,757
758,Media,V1.1,Blue Sky Inc.,Gadget 2,758
759,Bank Account,V1.5,Golden Gate Group,Whatchamacallit Y,759
760,Bank Account,V1.2,Blue Sky Inc.,Contraption 1,760
761,Public Media,V1.5,Golden Gate Group,Widget A,761
762,Food,V1.5,Blue Sky Inc.,Gadget 2,762
763,Media,V1.2,Blue Sky Inc.,Whatchamacallit Y,763
764,Media,V1.4,Emerald Enterprises,Widget A,764
765,Food,V1.0,Rainbow Technologies,Thingamajig C,765
766,Food,V1.1,Blue Sky Inc.,Gizmo 3,766
767,Event,V1.1,Platinum Partners,Widget A,767
768,Cars,V1.2,Crimson Co.,Gizmo 3,768
769,Media,V1.1,Sunshine Enterprises,Thingamajig C,769
770,Public Media,V1.1,Pineapple Industries,Whatchamacallit Y,770
771,Media,V1.2,Emerald Enterprises,Widget A,771
772,Cars,V1.5,Crimson Co.,Gizmo 3,772
773,Cars,V1.2,Blue Sky Inc.,Contraption 1,773
774,Media,V1.3,Platinum Partners,Doohickey Z,774
775,Public Media,V1.0,Pineapple Industries,Doodad X,775
776,Event,V1.5,Rainbow Technologies,Gadget 2,776
777,Health,V1.5,Silver Star Solutions,Widget 4,777
778,Bank Account,V1.0,Emerald Enterprises,Doohickey Z,778
779,Cars,V1.0,Platinum Partners,Gizmo 3,779
780,Cars,V1.1,Crimson Co.,Contraption 1,780
781,Food,V1.2,Crimson Co.,Gadget 2,781
782,Bank Account,V1.2,Silver Star Solutions,Widget A,782
783,Event,V1.4,Emerald Enterprises,Whatchamacallit Y,783
784,Bank Account,V1.2,Rainbow Technologies,Contraption 1,784
785,Event,V1.0,Crimson Co.,Contraption 1,785
786,Bank Account,V1.5,Emerald Enterprises,Widget A,786
787,Public Media,V1.5,Crimson Co.,Gizmo 3,787
788,Media,V1.1,Silver Star Solutions,Contraption 1,788
789,Food,V1.2,Sunshine Enterprises,Gizmo B,789
790,Cars,V1.2,Sunshine Enterprises,Gizmo 3,790
791,Public Media,V1.2,Pineapple Industries,Doohickey Z,791
792,Health,V1.4,Emerald Enterprises,Whatchamacallit Y,792
793,Public Media,V1.5,Crimson Co.,Widget 4,793
794,Event,V1.0,Blue Sky Inc.,Widget A,794
795,Bank Account,V1.4,Blue Sky Inc.,Gizmo 3,795
796,Bank Account,V1.2,Platinum Partners,Widget A,796
797,Bank Account,V1.5,Pineapple Industries,Doohickey Z,797
798,Event,V1.0,Sunshine Enterprises,Gizmo B,798
799,Public Media,V1.0,Acme Corporation,Widget A,799
800,Event,V1.5,Crimson Co.,Thingamajig C,800
801,Event,V1.4,Crimson Co.,Contraption 1,801
802,Public Media,V1.3,Golden Gate Group,Doohickey Z,802
803,Public Media,V1.0,Acme Corporation,Gizmo 3,803
804,Event,V1.0,Blue Sky Inc.,Doohickey Z,804
805,Media,V1.4,Rainbow Technologies,Widget 4,805
806,Food,V1.4,Silver Star Solutions,Doodad X,806
807,Event,V1.4,Silver Star Solutions,Gadget 2,807
808,Health,V1.0,Blue Sky Inc.,Thingamajig C,808
809,Health,V1.1,Silver Star Solutions,Gizmo 3,809
810,Health,V1.2,Crimson Co.,Widget A,810
811,Cars,V1.0,Silver Star Solutions,Thingamajig C,811
812,Public Media,V1.2,Blue Sky Inc.,Widget A,812
813,Public Media,V1.2,Golden Gate Group,Widget 4,813
814,Event,V1.0,Sunshine Enterprises,Widget 4,814
815,Event,V1.3,Sunshine Enterprises,Thingamajig C,815
816,Bank Account,V1.2,Golden Gate Group,Contraption 1,816
817,Health,V1.5,Sunshine Enterprises,Widget A,817
818,Event,V1.5,Acme Corporation,Gizmo B,818
819,Event,V1.0,Acme Corporation,Thingamajig C,819
820,Bank Account,V1.2,Rainbow Technologies,Widget A,820
821,Event,V1.3,Pineapple Industries,Widget A,821
822,Bank Account,V1.2,Emerald Enterprises,Gizmo B,822
823,Event,V1.5,Acme Corporation,Widget 4,823
824,Public Media,V1.5,Blue Sky Inc.,Contraption 1,824
825,Health,V1.5,Sunshine Enterprises,Widget 4,825
826,Media,V1.2,Platinum Partners,Gizmo 3,826
827,Event,V1.2,Crimson Co.,Gizmo B,827
828,Bank Account,V1.2,Emerald Enterprises,Thingamajig C,828
829,Event,V1.1,Acme Corporation,Thingamajig C,829
830,Media,V1.2,Emerald Enterprises,Gizmo B,830
831,Cars,V1.3,Blue Sky Inc.,Contraption 1,831
832,Media,V1.4,Acme Corporation,Widget 4,832
833,Event,V1.4,Acme Corporation,Widget A,833
834,Health,V1.2,Acme Corporation,Doodad X,834
835,Food,V1.3,Blue Sky Inc.,Doodad X,835
836,Media,V1.1,Emerald Enterprises,Gadget 2,836
837,Public Media,V1.1,Silver Star Solutions,Whatchamacallit Y,837
838,Cars,V1.3,Silver Star Solutions,Gadget 2,838
839,Public Media,V1.0,Sunshine Enterprises,Widget A,839
840,Cars,V1.2,Acme Corporation,Doodad X,840
841,Media,V1.5,Crimson Co.,Gizmo B,841
842,Food,V1.3,Emerald Enterprises,Whatchamacallit Y,842
843,Bank Account,V1.2,Golden Gate Group,Widget A,843
844,Public Media,V1.0,Sunshine Enterprises,Widget 4,844
845,Cars,V1.5,Blue Sky Inc.,Doohickey Z,845
846,Public Media,V1.3,Silver Star Solutions,Contraption 1,846
847,Event,V1.5,Sunshine Enterprises,Gizmo B,847
848,Media,V1.3,Acme Corporation,Contraption 1,848
849,Cars,V1.3,Pineapple Industries,Thingamajig C,849
850,Food,V1.3,Rainbow Technologies,Widget A,850
851,Public Media,V1.4,Acme Corporation,Gadget 2,851
852,Cars,V1.1,Acme Corporation,Contraption 1,852
853,Event,V1.5,Blue Sky Inc.,Widget 4,853
854,Health,V1.3,Platinum Partners,Doodad X,854
855,Health,V1.2,Crimson Co.,Widget A,855
856,Public Media,V1.3,Platinum Partners,Whatchamacallit Y,856
857,Health,V1.0,Blue Sky Inc.,Gizmo B,857
858,Event,V1.3,Blue Sky Inc.,Doohickey Z,858
859,Public Media,V1.5,Pineapple Industries,Doodad X,859
860,Media,V1.3,Sunshine Enterprises,Whatchamacallit Y,860
861,Event,V1.1,Pineapple Industries,Whatchamacallit Y,861
862,Health,V1.3,Emerald Enterprises,Thingamajig C,862
863,Public Media,V1.1,Silver Star Solutions,Doodad X,863
864,Public Media,V1.4,Platinum Partners,Widget 4,864
865,Cars,V1.2,Crimson Co.,Widget A,865
866,Cars,V1.5,Rainbow Technologies,Whatchamacallit Y,866
867,Food,V1.4,Crimson Co.,Contraption 1,867
868,Event,V1.0,Acme Corporation,Contraption 1,868
869,Health,V1.3,Silver Star Solutions,Gadget 2,869
870,Cars,V1.5,Crimson Co.,Widget A,870
871,Media,V1.3,Platinum Partners,Gizmo B,871
872,Public Media,V1.1,Sunshine Enterprises,Doodad X,872
873,Bank Account,V1.5,Platinum Partners,Thingamajig C,873
874,Cars,V1.0,Pineapple Industries,Thingamajig C,874
875,Public Media,V1.0,Platinum Partners,Widget 4,875
876,Public Media,V1.0,Platinum Partners,Thingamajig C,876
877,Bank Account,V1.1,Golden Gate Group,Thingamajig C,877
878,Event,V1.2,Platinum Partners,Whatchamacallit Y,878
879,Public Media,V1.3,Crimson Co.,Gizmo B,879
880,Public Media,V1.2,Golden Gate Group,Thingamajig C,880
881,Media,V1.5,Silver Star Solutions,Thingamajig C,881
882,Bank Account,V1.0,Sunshine Enterprises,Gadget 2,882
883,Media,V1.5,Sunshine Enterprises,Gizmo 3,883
884,Media,V1.2,Pineapple Industries,Widget 4,884
885,Cars,V1.0,Blue Sky Inc.,Gadget 2,885
886,Bank Account,V1.5,Blue Sky Inc.,Gadget 2,886
887,Bank Account,V1.4,Acme Corporation,Gizmo 3,887
888,Public Media,V1.3,Golden Gate Group,Whatchamacallit Y,888
889,Media,V1.5,Acme Corporation,Widget 4,889
890,Food,V1.5,Blue Sky Inc.,Whatchamacallit Y,890
891,Cars,V1.0,Acme Corporation,Whatchamacallit Y,891
892,Event,V1.4,Crimson Co.,Contraption 1,892
893,Food,V1.1,Crimson Co.,Gadget 2,893
894,Public Media,V1.3,Golden Gate Group,Widget 4,894
895,Food,V1.4,Acme Corporation,Whatchamacallit Y,895
896,Event,V1.3,Platinum Partners,Widget 4,896
897,Food,V1.2,Crimson Co.,Widget A,897
898,Public Media,V1.0,Sunshine Enterprises,Whatchamacallit Y,898
899,Cars,V1.5,Sunshine Enterprises,Contraption 1,899
900,Media,V1.5,Sunshine Enterprises,Contraption 1,900
901,Public Media,V1.0,Golden Gate Group,Contraption 1,901
902,Health,V1.2,Platinum Partners,Contraption 1,902
903,Food,V1.0,Emerald Enterprises,Widget 4,903
904,Cars,V1.1,Rainbow Technologies,Widget 4,904
905,Cars,V1.5,Acme Corporation,Gadget 2,905
906,Cars,V1.1,Blue Sky Inc.,Doohickey Z,906
907,Cars,V1.0,Platinum Partners,Contraption 1,907
908,Media,V1.0,Rainbow Technologies,Doodad X,908
909,Public Media,V1.4,Golden Gate Group,Doodad X,909
910,Food,V1.4,Emerald Enterprises,Doohickey Z,910
911,Bank Account,V1.3,Golden Gate Group,Doohickey Z,911
912,Event,V1.5,Pineapple Industries,Gadget 2,912
913,Public Media,V1.4,Crimson Co.,Widget 4,913
914,Health,V1.2,Sunshine Enterprises,Gizmo B,914
915,Bank Account,V1.3,Rainbow Technologies,Widget A,915
916,Public Media,V1.5,Emerald Enterprises,Widget 4,916
917,Cars,V1.0,Crimson Co.,Gizmo B,917
918,Health,V1.2,Emerald Enterprises,Whatchamacallit Y,918
919,Cars,V1.0,Acme Corporation,Doodad X,919
920,Health,V1.5,Silver Star Solutions,Doohickey Z,920
921,Food,V1.0,Crimson Co.,Contraption 1,921
922,Cars,V1.5,Pineapple Industries,Gadget 2,922
923,Food,V1.1,Platinum Partners,Gizmo B,923
924,Public Media,V1.0,Emerald Enterprises,Doodad X,924
925,Media,V1.1,Blue Sky Inc.,Contraption 1,925
926,Cars,V1.2,Silver Star Solutions,Widget 4,926
927,Media,V1.2,Crimson Co.,Gizmo 3,927
928,Event,V1.3,Sunshine Enterprises,Gizmo 3,928
929,Public Media,V1.0,Sunshine Enterprises,Widget A,929
930,Food,V1.1,Acme Corporation,Gizmo 3,930
931,Food,V1.1,Platinum Partners,Contraption 1,931
932,Public Media,V1.0,Rainbow Technologies,Gadget 2,932
933,Bank Account,V1.5,Crimson Co.,Gizmo 3,933
934,Health,V1.4,Pineapple Industries,Whatchamacallit Y,934
935,Health,V1.2,Silver Star Solutions,Doodad X,935
936,Media,V1.1,Rainbow Technologies,Contraption 1,936
937,Event,V1.4,Platinum Partners,Widget A,937
938,Cars,V1.4,Emerald Enterprises,Widget 4,938
939,Media,V1.3,Platinum Partners,Gizmo 3,939
940,Event,V1.1,Sunshine Enterprises,Whatchamacallit Y,940
941,Event,V1.4,Acme Corporation,Widget A,941
942,Health,V1.5,Silver Star Solutions,Doohickey Z,942
943,Bank Account,V1.2,Pineapple Industries,Doodad X,943
944,Food,V1.3,Acme Corporation,Doodad X,944
945,Event,V1.1,Pineapple Industries,Contraption 1,945
946,Media,V1.4,Sunshine Enterprises,Gizmo B,946
947,Event,V1.0,Crimson Co.,Gadget 2,947
948,Health,V1.2,Golden Gate Group,Doodad X,948
949,Food,V1.4,Rainbow Technologies,Doodad X,949
950,Event,V1.0,Rainbow Technologies,Gizmo 3,950
951,Cars,V1.5,Blue Sky Inc.,Thingamajig C,951
952,Bank Account,V1.1,Platinum Partners,Doodad X,952
953,Cars,V1.4,Emerald Enterprises,Widget A,953
954,Media,V1.0,Crimson Co.,Whatchamacallit Y,954
955,Bank Account,V1.1,Pineapple Industries,Doodad X,955
956,Food,V1.5,Pineapple Industries,Doodad X,956
957,Cars,V1.4,Blue Sky Inc.,Contraption 1,957
958,Media,V1.0,Acme Corporation,Gadget 2,958
959,Cars,V1.4,Emerald Enterprises,Doodad X,959
960,Health,V1.4,Crimson Co.,Widget A,960
961,Cars,V1.1,Rainbow Technologies,Whatchamacallit Y,961
962,Bank Account,V1.0,Emerald Enterprises,Whatchamacallit Y,962
963,Cars,V1.3,Silver Star Solutions,Thingamajig C,963
964,Media,V1.1,Platinum Partners,Widget 4,964
965,Event,V1.4,Blue Sky Inc.,Widget 4,965
966,Media,V1.0,Silver Star Solutions,Doodad X,966
967,Media,V1.4,Golden Gate Group,Contraption 1,967
968,Event,V1.3,Crimson Co.,Widget 4,968
969,Event,V1.1,Silver Star Solutions,Gizmo B,969
970,Health,V1.0,Blue Sky Inc.,Doodad X,970
971,Media,V1.3,Emerald Enterprises,Gizmo B,971
972,Cars,V1.1,Crimson Co.,Widget 4,972
973,Event,V1.1,Platinum Partners,Doodad X,973
974,Media,V1.2,Golden Gate Group,Contraption 1,974
975,Media,V1.2,Emerald Enterprises,Widget A,975
976,Media,V1.1,Silver Star Solutions,Gadget 2,976
977,Media,V1.5,Crimson Co.,Widget A,977
978,Cars,V1.0,Rainbow Technologies,Widget 4,978
979,Media,V1.1,Emerald Enterprises,Thingamajig C,979
980,Bank Account,V1.0,Crimson Co.,Gizmo 3,980
981,Food,V1.0,Sunshine Enterprises,Doodad X,981
982,Public Media,V1.2,Rainbow Technologies,Widget A,982
983,Health,V1.1,Crimson Co.,Doodad X,983
984,Event,V1.4,Platinum Partners,Gizmo B,984
985,Media,V1.2,Blue Sky Inc.,Widget A,985
986,Food,V1.2,Platinum Partners,Gizmo B,986
987,Food,V1.3,Pineapple Industries,Gadget 2,987
988,Health,V1.3,Pineapple Industries,Gizmo 3,988
989,Event,V1.4,Crimson Co.,Gadget 2,989
990,Event,V1.4,Platinum Partners,Contraption 1,990
991,Health,V1.3,Golden Gate Group,Widget 4,991
992,Food,V1.3,Golden Gate Group,Widget A,992
993,Bank Account,V1.5,Platinum Partners,Whatchamacallit Y,993
994,Health,V1.4,Golden Gate Group,Doohickey Z,994
995,Bank Account,V1.0,Acme Corporation,Thingamajig C,995
996,Public Media,V1.1,Crimson Co.,Gizmo B,996
997,Event,V1.1,Emerald Enterprises,Widget A,997
998,Bank Account,V1.3,Silver Star Solutions,Thingamajig C,998
999,Food,V1.0,Blue Sky Inc.,Gadget 2,999
1000,Bank Account,V1.1,Emerald Enterprises,Widget 4,1000
